{
  "appButtomRule": {
      "defaultIndex": 0,
      "tabList": [
          {
              "index": 0,
              "tabType": "mall",
              "path": "pages/index/index",
              "badge": {
                  "dot": false,
                  "text": "",
                  "bgColor": "",
                  "textColor": "",
                  "icon": ""
              },
              "style": {
                  "selected": {
                      "text": "首页",
                      "textColor": "FF3D3D3D",
                      "icon": "https://cdn-cn-oss-dreame-store.dreame.tech/dreame-php-mall/prod/images/202508/68b2939b291d21680010642.png"
                  },
                  "normal": {
                      "text": "首页",
                      "textColor": "FF3D3D3D",
                      "icon": "https://cdn-cn-oss-dreame-store.dreame.tech/dreame-php-mall/prod/images/202508/68b2939b297261700011397.png"
                  },
                  "lottie": ""
              }
          },
          {
            "index": 4,
            "tabType": "mall_yx_mine",
            "path": "pagesC/yxMine/yxMine",
            "checkAuth": true,
            "badge": {
                "dot": false,
                "text": "",
                "bgColor": "",
                "textColor": ""
            },
            "style": {
                "selected": {
                    "text": "我的",
                    "textColor": "FF3D3D3D",
                    "icon": "https://cdn-cn-oss-dreame-store.dreame.tech/dreame-php-mall/prod/images/202508/68b2939b292ab1690011280.png"
                },
                "normal": {
                    "text": "我的",
                    "textColor": "FF3D3D3D",
                    "icon": "https://cdn-cn-oss-dreame-store.dreame.tech/dreame-php-mall/prod/images/202508/68b2939b90a0b5920010782.png"
                },
                "lottie": ""
            }
        }
      ]
  }
}
